{
//details
    "type": "StackConveyor",
    "name": "Silicon Conveyor"
    "description": "Transports batches of items at over 85 items per second",
     "details": "Uses the same materials as an impact reactor",
//specs
    "category": "distribution",
    "health": 120,
    "speed": 0.15,
    "displayedSpeed": 25,
//requirements
    "requirements": [
        {"item": "plastanium", "amount": 1},
        {"item": "silicon", "amount": 2},
        {"item": "thorium", "amount": 1},
        {"item": "copper", "amount": 1},
        {"item": "graphite", "amount": 1},
        {"item": "metaglass", "amount": 1}
    ],
    "research": {
      parent: "plastanium-conveyor"
      requirements: [
      metaglass/200,
      titanium/200,
      thorium/150,
      graphite/100,
      silicon/100,
      plastanium/250
      ]
  }
}